pid,name,link
TEAFTZ3DYRDGSSFH,Dabur Vedic Suraksha Green Tea Bags Box,/dabur-vedic-suraksha-green-tea-bags-box/p/itm7ab46030adc66?pid=TEAFTZ3DYRDGSSFH&lid=LSTTEAFTZ3DYRDGSSFHCOIVCF&marketplace=FLIPKART&q=tea&store=eat%2Ffpm&srno=s_1_1&otracker=AS_Query_OrganicAutoSuggest_6_3_na_na_na&otracker1=AS_Query_OrganicAutoSuggest_6_3_na_na_na&fm=organic&iid=en_36oRM%2BE7s4OodpjGXpnVjdh2a%2FBoi0B1w2t%2BlEN0mSQ1Bo0JbAT1DoGL2bqGezA%2BXVFxC4U%2FQ6Um5IeltNou0w%3D%3D&ppt=None&ppn=None&ssid=iz4g83xcnk0000001625915927269&qH=7239ea2b5dc943f6
TEAFPXCMYZ2AMHPC,Octavius Kadak Assam CTC Tea Pouch,/octavius-kadak-assam-ctc-tea-pouch/p/itm479baa3d178f3?pid=TEAFPXCMYZ2AMHPC&lid=LSTTEAFPXCMYZ2AMHPCCBPY3C&marketplace=FLIPKART&q=tea&store=eat%2Ffpm&srno=s_1_2&otracker=AS_Query_OrganicAutoSuggest_6_3_na_na_na&otracker1=AS_Query_OrganicAutoSuggest_6_3_na_na_na&fm=organic&iid=en_36oRM%2BE7s4OodpjGXpnVjdh2a%2FBoi0B1w2t%2BlEN0mSRgNhjZgqVlQBfyLdqkZD7%2F9CNXtOSIAJZZ57p1Hxk%2BZw%3D%3D&ppt=None&ppn=None&ssid=iz4g83xcnk0000001625915927269&qH=7239ea2b5dc943f6
TEAETC8RDJEXAGP4,"Lipton Honey, Lemon Green Tea Bags Box",/lipton-honey-lemon-green-tea-bags-box/p/itmewjx9atpdgjm4?pid=TEAETC8RDJEXAGP4&lid=LSTTEAETC8RDJEXAGP4W90TQX&marketplace=GROCERY&q=tea&store=eat%2Ffpm&srno=s_1_3&otracker=AS_Query_OrganicAutoSuggest_6_3_na_na_na&otracker1=AS_Query_OrganicAutoSuggest_6_3_na_na_na&fm=organic&iid=1dc1f097-fe63-4e35-a0c5-d441e28a7222.TEAETC8RDJEXAGP4.SEARCH&ppt=None&ppn=None&ssid=iz4g83xcnk0000001625915927269&qH=7239ea2b5dc943f6
TEAETM5TBNGJXNMG,Tata Gold Tea Pouch,/tata-gold-tea-pouch/p/itmff7nez84gfjac?pid=TEAETM5TBNGJXNMG&lid=LSTTEAETM5TBNGJXNMGZ3KEN3&marketplace=GROCERY&q=tea&store=eat%2Ffpm&srno=s_1_4&otracker=AS_Query_OrganicAutoSuggest_6_3_na_na_na&otracker1=AS_Query_OrganicAutoSuggest_6_3_na_na_na&fm=organic&iid=1dc1f097-fe63-4e35-a0c5-d441e28a7222.TEAETM5TBNGJXNMG.SEARCH&ppt=None&ppn=None&ssid=iz4g83xcnk0000001625915927269&qH=7239ea2b5dc943f6
TEAETM5TKFQ4EMGY,Tata Agni Tea Pouch,/tata-agni-tea-pouch/p/itmfykkyyvkvrmdw?pid=TEAETM5TKFQ4EMGY&lid=LSTTEAETM5TKFQ4EMGYM9JN6O&marketplace=GROCERY&q=tea&store=eat%2Ffpm&srno=s_1_5&otracker=AS_Query_OrganicAutoSuggest_6_3_na_na_na&otracker1=AS_Query_OrganicAutoSuggest_6_3_na_na_na&fm=organic&iid=1dc1f097-fe63-4e35-a0c5-d441e28a7222.TEAETM5TKFQ4EMGY.SEARCH&ppt=None&ppn=None&ssid=iz4g83xcnk0000001625915927269&qH=7239ea2b5dc943f6
TEAETC92PCQM7RKM,Taj Mahal Tea Box,/taj-mahal-tea-box/p/itmewhuctjhugcnm?pid=TEAETC92PCQM7RKM&lid=LSTTEAETC92PCQM7RKMT2BGLB&marketplace=GROCERY&q=tea&store=eat%2Ffpm&srno=s_1_6&otracker=AS_Query_OrganicAutoSuggest_6_3_na_na_na&otracker1=AS_Query_OrganicAutoSuggest_6_3_na_na_na&fm=organic&iid=1dc1f097-fe63-4e35-a0c5-d441e28a7222.TEAETC92PCQM7RKM.SEARCH&ppt=None&ppn=None&ssid=iz4g83xcnk0000001625915927269&qH=7239ea2b5dc943f6
TEAETY5NKPGFGFZK,"Red Label Natural Care Cardamom, Ginger, Liquorice, Tul...",/red-label-natural-care-cardamom-ginger-liquorice-tulsi-tea-box/p/itmf9rgsp9bcdugr?pid=TEAETY5NKPGFGFZK&lid=LSTTEAETY5NKPGFGFZKSVL5NH&marketplace=FLIPKART&q=tea&store=eat%2Ffpm&srno=s_1_7&otracker=AS_Query_OrganicAutoSuggest_6_3_na_na_na&otracker1=AS_Query_OrganicAutoSuggest_6_3_na_na_na&fm=organic&iid=1dc1f097-fe63-4e35-a0c5-d441e28a7222.TEAETY5NKPGFGFZK.SEARCH&ppt=None&ppn=None&ssid=iz4g83xcnk0000001625915927269&qH=7239ea2b5dc943f6
TEAFSFAFVYHFH7W6,"TGL Co. Little Buddha Green Tea with Sandalwood, Red Pe...",/tgl-co-little-buddha-green-tea-sandalwood-red-peppercorns-sencha-pineapple-papaya-liquorice-chamomile-pouch/p/itmdf59f1af9530e?pid=TEAFSFAFVYHFH7W6&lid=LSTTEAFSFAFVYHFH7W6UY2BIH&marketplace=FLIPKART&q=tea&store=eat%2Ffpm&srno=s_1_8&otracker=AS_Query_OrganicAutoSuggest_6_3_na_na_na&otracker1=AS_Query_OrganicAutoSuggest_6_3_na_na_na&fm=organic&iid=en_36oRM%2BE7s4OodpjGXpnVjdh2a%2FBoi0B1w2t%2BlEN0mSS4NlaE2F3EVzAnGrkIPXbTS0d3E%2FpIr%2FTXuCLgRIytKg%3D%3D&ppt=None&ppn=None&ssid=iz4g83xcnk0000001625915927269&qH=7239ea2b5dc943f6
TEAEVHM97Z2XGQEM,Lipton Zest Lemon Green Tea Bags Box,/lipton-zest-lemon-green-tea-bags-box/p/itmevhm9uczfbnnh?pid=TEAEVHM97Z2XGQEM&lid=LSTTEAEVHM97Z2XGQEMP1XM5G&marketplace=GROCERY&q=tea&store=eat%2Ffpm&srno=s_1_9&otracker=AS_Query_OrganicAutoSuggest_6_3_na_na_na&otracker1=AS_Query_OrganicAutoSuggest_6_3_na_na_na&fm=organic&iid=1dc1f097-fe63-4e35-a0c5-d441e28a7222.TEAEVHM97Z2XGQEM.SEARCH&ppt=None&ppn=None&ssid=iz4g83xcnk0000001625915927269&qH=7239ea2b5dc943f6
TEAETY5NR2ZRGJRK,3 Roses Tea Box,/3-roses-tea-box/p/itmewyzffzwazgwg?pid=TEAETY5NR2ZRGJRK&lid=LSTTEAETY5NR2ZRGJRKCCCBHH&marketplace=GROCERY&q=tea&store=eat%2Ffpm&srno=s_1_10&otracker=AS_Query_OrganicAutoSuggest_6_3_na_na_na&otracker1=AS_Query_OrganicAutoSuggest_6_3_na_na_na&fm=organic&iid=1dc1f097-fe63-4e35-a0c5-d441e28a7222.TEAETY5NR2ZRGJRK.SEARCH&ppt=None&ppn=None&ssid=iz4g83xcnk0000001625915927269&qH=7239ea2b5dc943f6
TEAETC9264EX7KNH,Lipton Tulsi Natura Tulsi Green Tea Bags Box,/lipton-tulsi-natura-green-tea-bags-box/p/itmetc92m9tzpkup?pid=TEAETC9264EX7KNH&lid=LSTTEAETC9264EX7KNHFLXMFG&marketplace=GROCERY&q=tea&store=eat%2Ffpm&srno=s_1_11&otracker=AS_Query_OrganicAutoSuggest_6_3_na_na_na&otracker1=AS_Query_OrganicAutoSuggest_6_3_na_na_na&fm=organic&iid=1dc1f097-fe63-4e35-a0c5-d441e28a7222.TEAETC9264EX7KNH.SEARCH&ppt=None&ppn=None&ssid=iz4g83xcnk0000001625915927269&qH=7239ea2b5dc943f6
TEAFYTQTH53K4CWD,NutroVally green tea for weight loss & Build Immunity |...,/nutrovally-green-tea-weight-loss-build-immunity-premium-leaves-active-ingredients-lemon-bags-box/p/itmb5f2247b3c083?pid=TEAFYTQTH53K4CWD&lid=LSTTEAFYTQTH53K4CWDGIG2OM&marketplace=FLIPKART&q=tea&store=eat%2Ffpm&srno=s_1_12&otracker=AS_Query_OrganicAutoSuggest_6_3_na_na_na&otracker1=AS_Query_OrganicAutoSuggest_6_3_na_na_na&fm=organic&iid=en_36oRM%2BE7s4OodpjGXpnVjdh2a%2FBoi0B1w2t%2BlEN0mSTxhvDBno9Vnh0LUJ7R9fnF9la9cHnqKaH2FfXb9c%2Fcgg%3D%3D&ppt=None&ppn=None&ssid=iz4g83xcnk0000001625915927269&qH=7239ea2b5dc943f6
TEAFGHYM8QXHHK4P,Tata Premium Anokha Swad Tea Pouch,/tata-premium-anokha-swad-tea-pouch/p/itm7ee8443922c24?pid=TEAFGHYM8QXHHK4P&lid=LSTTEAFGHYM8QXHHK4PN1ZMTX&marketplace=GROCERY&q=tea&store=eat%2Ffpm&srno=s_1_13&otracker=AS_Query_OrganicAutoSuggest_6_3_na_na_na&otracker1=AS_Query_OrganicAutoSuggest_6_3_na_na_na&fm=organic&iid=1dc1f097-fe63-4e35-a0c5-d441e28a7222.TEAFGHYM8QXHHK4P.SEARCH&ppt=None&ppn=None&ssid=iz4g83xcnk0000001625915927269&qH=7239ea2b5dc943f6
TEAEUHAMYEGJ5PW4,"tetley Immune with Added Vitamin C Ginger, Mint, Lemon ...",/tetley-immune-added-vitamin-c-ginger-mint-lemon-green-tea-bags-box/p/itm8b23c9af7acda?pid=TEAEUHAMYEGJ5PW4&lid=LSTTEAEUHAMYEGJ5PW4TS0BMR&marketplace=GROCERY&q=tea&store=eat%2Ffpm&srno=s_1_14&otracker=AS_Query_OrganicAutoSuggest_6_3_na_na_na&otracker1=AS_Query_OrganicAutoSuggest_6_3_na_na_na&fm=organic&iid=1dc1f097-fe63-4e35-a0c5-d441e28a7222.TEAEUHAMYEGJ5PW4.SEARCH&ppt=None&ppn=None&ssid=iz4g83xcnk0000001625915927269&qH=7239ea2b5dc943f6
TEAETM5TCX2WXST8,"Tata Teaveda Ayurvedic Goodness Brahmi, Tulsi Tea Box",/tata-teaveda-ayurvedic-goodness-brahmi-tulsi-tea-box/p/itmewvduz93fbn8q?pid=TEAETM5TCX2WXST8&lid=LSTTEAETM5TCX2WXST8OIAM7T&marketplace=GROCERY&q=tea&store=eat%2Ffpm&spotlightTagId=BestsellerId_eat%2Ffpm&srno=s_1_15&otracker=AS_Query_OrganicAutoSuggest_6_3_na_na_na&otracker1=AS_Query_OrganicAutoSuggest_6_3_na_na_na&fm=organic&iid=1dc1f097-fe63-4e35-a0c5-d441e28a7222.TEAETM5TCX2WXST8.SEARCH&ppt=None&ppn=None&ssid=iz4g83xcnk0000001625915927269&qH=7239ea2b5dc943f6
TEAFYTWPVUEZ6W89,NutroVally herbal green tea for weight loss & Build Imm...,/nutrovally-herbal-green-tea-weight-loss-build-immunity-premium-leaves-active-ingredients-lemon-infusion-bags-box/p/itm0ff8052d8f1f5?pid=TEAFYTWPVUEZ6W89&lid=LSTTEAFYTWPVUEZ6W89N9OK35&marketplace=FLIPKART&q=tea&store=eat%2Ffpm&srno=s_1_16&otracker=AS_Query_OrganicAutoSuggest_6_3_na_na_na&otracker1=AS_Query_OrganicAutoSuggest_6_3_na_na_na&fm=organic&iid=en_36oRM%2BE7s4OodpjGXpnVjdh2a%2FBoi0B1w2t%2BlEN0mSQeYr5uMopS167L%2BKEDQcNksMbrE8U6%2BIihBHWcoV64eQ%3D%3D&ppt=None&ppn=None&ssid=iz4g83xcnk0000001625915927269&qH=7239ea2b5dc943f6
TEAETC92QASWGFTV,Red Label Tea Box,/red-label-tea-box/p/itmewyzfkfza9fyx?pid=TEAETC92QASWGFTV&lid=LSTTEAETC92QASWGFTVYO5P9J&marketplace=GROCERY&q=tea&store=eat%2Ffpm&srno=s_1_17&otracker=AS_Query_OrganicAutoSuggest_6_3_na_na_na&otracker1=AS_Query_OrganicAutoSuggest_6_3_na_na_na&fm=organic&iid=1dc1f097-fe63-4e35-a0c5-d441e28a7222.TEAETC92QASWGFTV.SEARCH&ppt=None&ppn=None&ssid=iz4g83xcnk0000001625915927269&qH=7239ea2b5dc943f6
TEAETM5TRPUACCDZ,Tata Kanan Devan Classic Tea Pouch,/tata-kanan-devan-classic-tea-pouch/p/itmex8eryegrfhta?pid=TEAETM5TRPUACCDZ&lid=LSTTEAETM5TRPUACCDZWA9G9J&marketplace=GROCERY&q=tea&store=eat%2Ffpm&srno=s_1_18&otracker=AS_Query_OrganicAutoSuggest_6_3_na_na_na&otracker1=AS_Query_OrganicAutoSuggest_6_3_na_na_na&fm=organic&iid=1dc1f097-fe63-4e35-a0c5-d441e28a7222.TEAETM5TRPUACCDZ.SEARCH&ppt=None&ppn=None&ssid=iz4g83xcnk0000001625915927269&qH=7239ea2b5dc943f6
TEAFU5YAGU5J7HX9,Taj Mahal Tea Non South Black Tea Box,/taj-mahal-tea-non-south-black-box/p/itmfab88854e192b?pid=TEAFU5YAGU5J7HX9&lid=LSTTEAFU5YAGU5J7HX9OONL0C&marketplace=FLIPKART&q=tea&store=eat%2Ffpm&srno=s_1_19&otracker=AS_Query_OrganicAutoSuggest_6_3_na_na_na&otracker1=AS_Query_OrganicAutoSuggest_6_3_na_na_na&fm=organic&iid=1dc1f097-fe63-4e35-a0c5-d441e28a7222.TEAFU5YAGU5J7HX9.SEARCH&ppt=None&ppn=None&ssid=iz4g83xcnk0000001625915927269&qH=7239ea2b5dc943f6
TEAGY2F5PY6UZYGT,NutroVally Herbal green tea for weight loss & Build Imm...,/nutrovally-herbal-green-tea-weight-loss-build-immunity-premium-leaves-18-active-ingredients-herbal-bag-lemon-bags-box/p/itmbb0e01c08df73?pid=TEAGY2F5PY6UZYGT&lid=LSTTEAGY2F5PY6UZYGT9VL2WO&marketplace=FLIPKART&q=tea&store=eat%2Ffpm&srno=s_1_20&otracker=AS_Query_OrganicAutoSuggest_6_3_na_na_na&otracker1=AS_Query_OrganicAutoSuggest_6_3_na_na_na&fm=organic&iid=en_36oRM%2BE7s4OodpjGXpnVjdh2a%2FBoi0B1w2t%2BlEN0mSSegzsRX61JAO9kjBE7VGZX2VaQdGWomK41ksDhf%2B2Opw%3D%3D&ppt=None&ppn=None&ssid=iz4g83xcnk0000001625915927269&qH=7239ea2b5dc943f6
TEAETC92HRXGP2FF,Lipton Green Tea Box,/lipton-green-tea-box/p/itmewjx7juh5h6m3?pid=TEAETC92HRXGP2FF&lid=LSTTEAETC92HRXGP2FFPJE6FH&marketplace=GROCERY&q=tea&store=eat%2Ffpm&srno=s_1_21&otracker=AS_Query_OrganicAutoSuggest_6_3_na_na_na&otracker1=AS_Query_OrganicAutoSuggest_6_3_na_na_na&fm=organic&iid=1dc1f097-fe63-4e35-a0c5-d441e28a7222.TEAETC92HRXGP2FF.SEARCH&ppt=None&ppn=None&ssid=iz4g83xcnk0000001625915927269&qH=7239ea2b5dc943f6
TEAG2ENZ7WRGM2V7,Tata Chakra Gold Care Tea Box,/tata-chakra-gold-care-tea-box/p/itmeb76fe377663b?pid=TEAG2ENZ7WRGM2V7&lid=LSTTEAG2ENZ7WRGM2V7R8GMB8&marketplace=GROCERY&q=tea&store=eat%2Ffpm&srno=s_1_22&otracker=AS_Query_OrganicAutoSuggest_6_3_na_na_na&otracker1=AS_Query_OrganicAutoSuggest_6_3_na_na_na&fm=organic&iid=1dc1f097-fe63-4e35-a0c5-d441e28a7222.TEAG2ENZ7WRGM2V7.SEARCH&ppt=None&ppn=None&ssid=iz4g83xcnk0000001625915927269&qH=7239ea2b5dc943f6
TEAFGF44HXAGWFE9,Society Masala Tea Plastic Bottle,/society-masala-tea-plastic-bottle/p/itmfgf44utsqxryw?pid=TEAFGF44HXAGWFE9&lid=LSTTEAFGF44HXAGWFE9ZTPZAF&marketplace=GROCERY&q=tea&store=eat%2Ffpm&srno=s_1_23&otracker=AS_Query_OrganicAutoSuggest_6_3_na_na_na&otracker1=AS_Query_OrganicAutoSuggest_6_3_na_na_na&fm=organic&iid=1dc1f097-fe63-4e35-a0c5-d441e28a7222.TEAFGF44HXAGWFE9.SEARCH&ppt=None&ppn=None&ssid=iz4g83xcnk0000001625915927269&qH=7239ea2b5dc943f6
TEAG2J3GVZUSGTCK,NutroVally Herbal green tea for weight loss & Build Imm...,/nutrovally-herbal-green-tea-weight-loss-build-immunity-premium-leaves-18-active-ingredients-herbal-bag-lemon-bags-box/p/itm1cc3c3deddfee?pid=TEAG2J3GVZUSGTCK&lid=LSTTEAG2J3GVZUSGTCKAJ64GI&marketplace=FLIPKART&q=tea&store=eat%2Ffpm&srno=s_1_24&otracker=AS_Query_OrganicAutoSuggest_6_3_na_na_na&otracker1=AS_Query_OrganicAutoSuggest_6_3_na_na_na&fm=organic&iid=en_36oRM%2BE7s4OodpjGXpnVjdh2a%2FBoi0B1w2t%2BlEN0mSSxLmV2KlPeObDD0%2BoTZXBeNNzdji27cEBZJ46fGiuCbg%3D%3D&ppt=None&ppn=None&ssid=iz4g83xcnk0000001625915927269&qH=7239ea2b5dc943f6
TEAFXZHHFRGGGSZB,Flipkart Supermart Food Essentials Premium Tea Pouch,/flipkart-supermart-food-essentials-premium-tea-pouch/p/itmd90cf58a39366?pid=TEAFXZHHFRGGGSZB&lid=LSTTEAFXZHHFRGGGSZBCMYZPY&marketplace=GROCERY&q=tea&store=eat%2Ffpm&srno=s_1_25&otracker=AS_Query_OrganicAutoSuggest_6_3_na_na_na&otracker1=AS_Query_OrganicAutoSuggest_6_3_na_na_na&fm=organic&iid=1dc1f097-fe63-4e35-a0c5-d441e28a7222.TEAFXZHHFRGGGSZB.SEARCH&ppt=None&ppn=None&ssid=iz4g83xcnk0000001625915927269&qH=7239ea2b5dc943f6
TEAETC92X9NXPDWE,Lipton Pure & Light Green Tea Bags Box,/lipton-pure-light-green-tea-bags-box/p/itmex8erszekvngc?pid=TEAETC92X9NXPDWE&lid=LSTTEAETC92X9NXPDWENMNIMJ&marketplace=GROCERY&q=tea&store=eat%2Ffpm&srno=s_1_26&otracker=AS_Query_OrganicAutoSuggest_6_3_na_na_na&otracker1=AS_Query_OrganicAutoSuggest_6_3_na_na_na&fm=organic&iid=1dc1f097-fe63-4e35-a0c5-d441e28a7222.TEAETC92X9NXPDWE.SEARCH&ppt=None&ppn=None&ssid=iz4g83xcnk0000001625915927269&qH=7239ea2b5dc943f6
TEAEZGK9GTFRG9DM,Waghbakri Premium Leaf Tea Pouch,/waghbakri-premium-leaf-tea-pouch/p/itmf5y3meu69jtdn?pid=TEAEZGK9GTFRG9DM&lid=LSTTEAEZGK9GTFRG9DMKQ9YAJ&marketplace=GROCERY&q=tea&store=eat%2Ffpm&srno=s_1_27&otracker=AS_Query_OrganicAutoSuggest_6_3_na_na_na&otracker1=AS_Query_OrganicAutoSuggest_6_3_na_na_na&fm=organic&iid=1dc1f097-fe63-4e35-a0c5-d441e28a7222.TEAEZGK9GTFRG9DM.SEARCH&ppt=None&ppn=None&ssid=iz4g83xcnk0000001625915927269&qH=7239ea2b5dc943f6
TEAFME59UGGTZGTM,Teamonk Reeti Darjeeling White Tea Tin,/teamonk-reeti-darjeeling-white-tea-tin/p/itm67f183572b2bb?pid=TEAFME59UGGTZGTM&lid=LSTTEAFME59UGGTZGTMNAKADF&marketplace=FLIPKART&q=tea&store=eat%2Ffpm&srno=s_1_28&otracker=AS_Query_OrganicAutoSuggest_6_3_na_na_na&otracker1=AS_Query_OrganicAutoSuggest_6_3_na_na_na&fm=organic&iid=en_36oRM%2BE7s4OodpjGXpnVjdh2a%2FBoi0B1w2t%2BlEN0mSS13mVLKOciNSO32tYXyU79FGrSMnWkHQDtKc1Eh1BNKw%3D%3D&ppt=None&ppn=None&ssid=iz4g83xcnk0000001625915927269&qH=7239ea2b5dc943f6
TEAFWBP4PYHWBHHB,Tata Tea Gold Tea Box,/tata-tea-gold-box/p/itmfd03cfbf96049?pid=TEAFWBP4PYHWBHHB&lid=LSTTEAFWBP4PYHWBHHB1ZFCRO&marketplace=GROCERY&q=tea&store=eat%2Ffpm&srno=s_1_29&otracker=AS_Query_OrganicAutoSuggest_6_3_na_na_na&otracker1=AS_Query_OrganicAutoSuggest_6_3_na_na_na&fm=organic&iid=1dc1f097-fe63-4e35-a0c5-d441e28a7222.TEAFWBP4PYHWBHHB.SEARCH&ppt=None&ppn=None&ssid=iz4g83xcnk0000001625915927269&qH=7239ea2b5dc943f6
TEAFG2B24XVUDSZZ,Society Tea Pouch,/society-tea-pouch/p/itmfg2b2w7jgddrv?pid=TEAFG2B24XVUDSZZ&lid=LSTTEAFG2B24XVUDSZZLFM1IY&marketplace=GROCERY&q=tea&store=eat%2Ffpm&srno=s_1_30&otracker=AS_Query_OrganicAutoSuggest_6_3_na_na_na&otracker1=AS_Query_OrganicAutoSuggest_6_3_na_na_na&fm=organic&iid=1dc1f097-fe63-4e35-a0c5-d441e28a7222.TEAFG2B24XVUDSZZ.SEARCH&ppt=None&ppn=None&ssid=iz4g83xcnk0000001625915927269&qH=7239ea2b5dc943f6
TEAETY5NCN4CMHGE,Lipton Darjeeling Tea Box,/lipton-darjeeling-tea-box/p/itmewyzftpyunbna?pid=TEAETY5NCN4CMHGE&lid=LSTTEAETY5NCN4CMHGETMZ6H1&marketplace=GROCERY&q=tea&store=eat%2Ffpm&srno=s_1_31&otracker=AS_Query_OrganicAutoSuggest_6_3_na_na_na&otracker1=AS_Query_OrganicAutoSuggest_6_3_na_na_na&fm=organic&iid=1dc1f097-fe63-4e35-a0c5-d441e28a7222.TEAETY5NCN4CMHGE.SEARCH&ppt=None&ppn=None&ssid=iz4g83xcnk0000001625915927269&qH=7239ea2b5dc943f6
TEAFSFBSUBAGJHCZ,"TGL Co. Strawberries and Cream Black Tea Bags, 16 Tea B...",/tgl-co-strawberries-cream-black-tea-bags-16-bags-white-roman-chamomile-box/p/itma9f62780c443d?pid=TEAFSFBSUBAGJHCZ&lid=LSTTEAFSFBSUBAGJHCZQMSDBS&marketplace=FLIPKART&q=tea&store=eat%2Ffpm&srno=s_1_32&otracker=AS_Query_OrganicAutoSuggest_6_3_na_na_na&otracker1=AS_Query_OrganicAutoSuggest_6_3_na_na_na&fm=organic&iid=en_36oRM%2BE7s4OodpjGXpnVjdh2a%2FBoi0B1w2t%2BlEN0mSSbK4mV8tyI0AiD3pzVY1NdwJav2HaheM6kZSSfC8Rcrg%3D%3D&ppt=None&ppn=None&ssid=iz4g83xcnk0000001625915927269&qH=7239ea2b5dc943f6
TEAFYVYYAQAFDWPX,Onlyleaf 100% Natural Immunity Boosting Green Tea | Var...,/onlyleaf-100-natural-immunity-boosting-green-tea-variety-sampler-box-contains-20-pyramid-bags-10-different-exotic-flavors-tulsi-jasmine-turmeric-ginger-mint-hibiscus-rose-chamomile/p/itm039bff9e931b0?pid=TEAFYVYYAQAFDWPX&lid=LSTTEAFYVYYAQAFDWPXP2PG3H&marketplace=FLIPKART&q=tea&store=eat%2Ffpm&srno=s_1_33&otracker=AS_Query_OrganicAutoSuggest_6_3_na_na_na&otracker1=AS_Query_OrganicAutoSuggest_6_3_na_na_na&fm=organic&iid=1dc1f097-fe63-4e35-a0c5-d441e28a7222.TEAFYVYYAQAFDWPX.SEARCH&ppt=None&ppn=None&ssid=iz4g83xcnk0000001625915927269&qH=7239ea2b5dc943f6
TEAEUHAM2P7VQY3V,tetley Classic Green Tea Bags Box,/tetley-classic-green-tea-bags-box/p/itm1658c7774c8d1?pid=TEAEUHAM2P7VQY3V&lid=LSTTEAEUHAM2P7VQY3VLAMYJN&marketplace=GROCERY&q=tea&store=eat%2Ffpm&srno=s_1_34&otracker=AS_Query_OrganicAutoSuggest_6_3_na_na_na&otracker1=AS_Query_OrganicAutoSuggest_6_3_na_na_na&fm=organic&iid=1dc1f097-fe63-4e35-a0c5-d441e28a7222.TEAEUHAM2P7VQY3V.SEARCH&ppt=None&ppn=None&ssid=iz4g83xcnk0000001625915927269&qH=7239ea2b5dc943f6
TEAF8ZTTYUVJ5BHP,Kapiva Ayurvedic Green Tea with Garcinia Cambogia - Hel...,/kapiva-ayurvedic-green-tea-garcinia-cambogia-helps-detox-weight-loss-body-cleansing-cinnamon-lemon-grass-pouch/p/itme8c6789b77495?pid=TEAF8ZTTYUVJ5BHP&lid=LSTTEAF8ZTTYUVJ5BHPFIYGUX&marketplace=GROCERY&q=tea&store=eat%2Ffpm&srno=s_1_35&otracker=AS_Query_OrganicAutoSuggest_6_3_na_na_na&otracker1=AS_Query_OrganicAutoSuggest_6_3_na_na_na&fm=organic&iid=1dc1f097-fe63-4e35-a0c5-d441e28a7222.TEAF8ZTTYUVJ5BHP.SEARCH&ppt=None&ppn=None&ssid=iz4g83xcnk0000001625915927269&qH=7239ea2b5dc943f6
TEAFZ3VM5YPHZ3W6,Brewings Darjeeling Green Tea for weight loss Green Tea...,/brewings-darjeeling-green-tea-weight-loss-bags-box/p/itm7a457ff3cff54?pid=TEAFZ3VM5YPHZ3W6&lid=LSTTEAFZ3VM5YPHZ3W6ON76IQ&marketplace=FLIPKART&q=tea&store=eat%2Ffpm&srno=s_1_36&otracker=AS_Query_OrganicAutoSuggest_6_3_na_na_na&otracker1=AS_Query_OrganicAutoSuggest_6_3_na_na_na&fm=organic&iid=en_36oRM%2BE7s4OodpjGXpnVjdh2a%2FBoi0B1w2t%2BlEN0mSRVd%2BNKB6Nr3WQ82g5K2rXHsn8cWwdu664zicoBgQo7SA%3D%3D&ppt=None&ppn=None&ssid=iz4g83xcnk0000001625915927269&qH=7239ea2b5dc943f6
TEAFVHBQUFFHMUZH,Tata Gold Care Tea Box,/tata-gold-care-tea-box/p/itm6ed6afab98b84?pid=TEAFVHBQUFFHMUZH&lid=LSTTEAFVHBQUFFHMUZHIGEMFW&marketplace=GROCERY&q=tea&store=eat%2Ffpm&srno=s_1_37&otracker=AS_Query_OrganicAutoSuggest_6_3_na_na_na&otracker1=AS_Query_OrganicAutoSuggest_6_3_na_na_na&fm=organic&iid=1dc1f097-fe63-4e35-a0c5-d441e28a7222.TEAFVHBQUFFHMUZH.SEARCH&ppt=None&ppn=None&ssid=iz4g83xcnk0000001625915927269&qH=7239ea2b5dc943f6
TEAFGF44HGEACFXH,Society Premium Tea Pouch,/society-premium-tea-pouch/p/itmfgf445fhgk6wn?pid=TEAFGF44HGEACFXH&lid=LSTTEAFGF44HGEACFXH6P9YDH&marketplace=GROCERY&q=tea&store=eat%2Ffpm&srno=s_1_38&otracker=AS_Query_OrganicAutoSuggest_6_3_na_na_na&otracker1=AS_Query_OrganicAutoSuggest_6_3_na_na_na&fm=organic&iid=1dc1f097-fe63-4e35-a0c5-d441e28a7222.TEAFGF44HGEACFXH.SEARCH&ppt=None&ppn=None&ssid=iz4g83xcnk0000001625915927269&qH=7239ea2b5dc943f6
TEAETM5HZJGEFBKB,Tata Premium Tea Plastic Bottle,/tata-premium-tea-plastic-bottle/p/itmf4n3wfsw7dafe?pid=TEAETM5HZJGEFBKB&lid=LSTTEAETM5HZJGEFBKB3VBT9Y&marketplace=GROCERY&q=tea&store=eat%2Ffpm&srno=s_1_39&otracker=AS_Query_OrganicAutoSuggest_6_3_na_na_na&otracker1=AS_Query_OrganicAutoSuggest_6_3_na_na_na&fm=organic&iid=1dc1f097-fe63-4e35-a0c5-d441e28a7222.TEAETM5HZJGEFBKB.SEARCH&ppt=None&ppn=None&ssid=iz4g83xcnk0000001625915927269&qH=7239ea2b5dc943f6
TEAFZYUJGSWC8VGZ,Vanalaya Rose Flower Tea Made from 100% Natural Rose pe...,/vanalaya-rose-flower-tea-made-100-natural-petals-sundried-rich-antioxidants-beautiful-skin-herbal-plastic-bottle/p/itm2c3ba32cecfbc?pid=TEAFZYUJGSWC8VGZ&lid=LSTTEAFZYUJGSWC8VGZDLJ1N3&marketplace=FLIPKART&q=tea&store=eat%2Ffpm&srno=s_1_40&otracker=AS_Query_OrganicAutoSuggest_6_3_na_na_na&otracker1=AS_Query_OrganicAutoSuggest_6_3_na_na_na&fm=organic&iid=en_36oRM%2BE7s4OodpjGXpnVjdh2a%2FBoi0B1w2t%2BlEN0mSQvMMI9P9JTaHiv0lmRQyoehSRJQV6O%2FxAZrCffLdQcAw%3D%3D&ppt=None&ppn=None&ssid=iz4g83xcnk0000001625915927269&qH=7239ea2b5dc943f6
